1,居居,看过,还行,2018-09-20 23:49:06,2.5。从操作上来看，很多地方和《我不是药神》很像。有刺激消费的商品属性，也有不可忽视的社会价值。校园霸凌、原生家庭、阶级这些议题，增加了如今华语青春片的厚重感。涉及校园霸凌的影片，往往都会以悲剧收场，所有人都是同谋。易遥妈妈带易遥看病那场戏拍得不错，戳中泪点，那可真是卑微的土里开出花来。缺点也很明显，尤其前半段，诡异的摄影、古怪的配乐和自怜自怨的独白，都离人物太远了，不够克制。这几个新人都挺好，目测顾森西和易遥的扮演者会有前途。
2,Z星驰007,看过,较差,2018-09-21 10:55:52,"原本是给的超差评，今晚收到一封豆邮，我看了很是触动，多加一星，愿世界对那些不幸经受流言恶语暴力的人温柔以待。转发原文：
  
@Nj：
   
“我在自己青春期自尊感最强的时候，被人因为家里条件不好，嘲笑过，污蔑过。您的评论会让这个电影被很多人吐槽而不想看。那这个电影反映的校园欺凌的主题就不能被人们所重视了，媒介是个好东西。我希望大家可以通过它来了解这个社会的病态。我不想社会上满是被人欺负后自卑的人。有时候真的忍不住想问一句:你们经历过那种冷暴力吗？你们知道流言是世界上最锋利的刀吗？你知道自己一次又一次被人欺负侮辱时那种想拿到杀人的感觉吗？你们什么都不知道，只会说这个不好，那个不行，你们自己写过这样的东西吗？”"
3,睡觉是头等大事,看过,还行,2018-09-21 00:40:23,全程高能高空俯拍慢镜头，柔光美颜全开。郭敬明永远都是45°暖光侧颜美拍的那个长发清瘦少年，一切都是那么的美好、单纯，而没有营养。通常病态的原生家庭是标配，最好是单亲，有个无论何事都会饱受欺凌的女同学。接活时收拾了所有女儿的东西愣是把女儿独用的毛巾落下了，女主她妈用一种无视所有人智商的失误锻造了基本主线。转错短信发生意外时莫名跑向最高楼碰到一下就断的栏杆导致坠楼制造高能戏剧化，以及一开始就注定不可能在一起的阶级落差的纯纯的爱，最后又高能跳河以示愤恨——于是回去我补了1976的《魔女嘉丽》。三星全给女主跳河前那段深省激昂的扣问和结片后路人的采访，主旨一下就沉重了，直指校园暴力这是本片仅有的最大价值。最后感谢【豆瓣x盗梦】组织的点映场，祝票房大卖。＃这次我很认真的看完了郭敬明先生的作品＃5.5
4,你说什么,看过,还行,2018-09-21 13:13:11,"说对不起，一两秒功夫，而没关系，一生念不出。推广曲《不哭》里面这句歌词写的太美了，不是不肯原谅，而是我们已经美好，曾经糟糕，都扔进尘土吧！
电影其实可以表现的更好，但是剪辑和部分演员拖了后腿，题材和女主角加分，台词和男主角减分。如果一部电影能够引起我们对某个社会问题的关注和重视，那它也不应该被称为一部烂片，总之这部电影现实意义大于电影表现！"
5,喵老师2333,看过,较差,2018-09-05 22:24:17,河坝上那一段嘶吼应该是郭敬明想对所有霸凌他的人的反击。
6,蓝色茉莉blue,看过,还行,2018-09-21 00:38:31,第一部真正提到校园霸凌的国产电影，为勇气打分！
7,birds,看过,推荐,2018-09-20 23:02:20,尽管它不少部分格外造作矫情病，业余影迷还是有勇气给四星的。青春片已然不再吃香，但光线依然孜孜不倦地拍，大概也是执迷青春里的某些元素吧。即使是我们变得目光严苛，睥睨万物，在别人演绎的青春碎语里大概也会有那么几瞬，闪过怀念和怅然。值得称赞挖掘95后新演员上台，面虽青涩贵在元气充沛，表演略僵但是真下力气。原来同龄的人，已经到了登上舞台“演戏”，创造些什么的时候了。相信他们有一些人如果认定世界恶心，以后就会板着面孔熬下去。加油！
8,野思,看过,较差,2018-09-21 10:18:15,顾森西就是柯震东那一挂，顾森湘就是郭碧婷那一挂，很容易看透郭敬明的审美。易遥和齐铭的性格看得我一肚子火，长堤发言那叫反抗？女主角受到校园暴力的时候齐铭屁都不放这叫对她好？但是终归是我国第一部讲校园霸凌的院线电影，算了。众口铄金，舆论杀人，施害者躲在“团体”后面，受害者则是一个个孤立个体，怎么反抗呢，但这事不该算了。
9,尿裤侠,看过,力荐,2018-09-21 02:30:35,没想到这电影这么好看，层层递进的剧情、不尬的台词、选得极好的新人演员搭配老戏骨邬君梅自然的表演、优秀的摄影、纯净的日式青春片调色，各个环节的完成度都极高，再加上国内罕见的校园暴力题材，是一部很优秀也很有意义的青春片。
10,凌睿,看过,较差,2018-09-21 22:53:36,"号称“国内首部校园霸凌电影”，本质仍然是狗血青春片。
唐小米欺负易遥，是因为嫉妒她和齐铭关系好。这不是校园霸凌，这只是普通的“我爱你，你爱她”的三角恋。
后来同学们谴责易遥，是因为他们误以为易遥是导致顾森湘死亡的真凶。这同样不是校园霸凌，而是对（被误认的）杀人凶手的道德审判。
要么是吃醋，要么是道德审判，被强行扯到“校园霸凌”，再加入采访视频，并进行营销炒作，将本片包装成校园霸凌题材电影，太虚伪，太功利主义。
顾森西明明可以为易遥作证，说亲眼看到她收到别人发的短信；
易遥也明明可以向警方和同学展示别人发给自己的短信。
你明明可以证明自己的清白，却要说一大堆废话，最后还要跳河，这不是自己作吗？和校园霸凌有什么关系？
最后，易遥妈先（间接）害了女儿，后来又弥补，连扯平都算不上，有什么值得歌颂的？"
11,nothing纳森,看过,no rate,2018-09-05 20:59:00,女 主 有 张 杜 娟 的 脸 
12,不良生,看过,还行,2018-09-24 20:55:11,疼的愈合的都是少女，哭的柔韧的也是男孩，好的坏的始终是母亲，永远缺席的是父亲。
13,壹安²,看过,推荐,2018-09-08 23:35:19,很高兴影像作品不像小说那般黑暗透底，相比之下，和“非主流”同时期成为校园记忆的原著如此做作；很高兴落落二号作品不似《剩者为王》那样小家子气，但难得又保留了导演文风中那种细腻感；以及最高兴的是，这才是被冠了“矫情”的青春文学，最正确的改编方式。
14,桃桃淘电影,看过,很差,2018-09-21 22:25:51,演员太灾难了，尤其两个男孩，完全不会演戏，台词能念到这么硬也是很可怕了。同时，台词写的也特别尬，女主的很多台词明显都是写出来的，并不像正常人的对话，是非常不口语和不生活的。整部电影都太过于松散了，情节也注水特别严重。影片蹭了一个校园暴力的话题，却又非常缺少实感，看起来仍是一群幼稚病患者的故事，与郭的其他作品差不多。
15,夏语冰,看过,较差,2018-09-21 15:49:19,毫无逻辑的狗血矫情青春片。唐小米有能耐找人修理女主，不先找人把欺负自己的人给修理一下？
16,大奇特(Grinch),看过,还行,2018-09-21 19:01:30,主流青春片的进步，在青春范畴内正面校园霸凌，堤坝上的控诉其实也能直指如今的网络暴力。女导演对女性心理的优势体现出来了，那种伴随女主角的幽怨一直都在，在弱化了郭敬明式矫情对白的同时，强化了摄影方面的视觉氛围是相当重要的。
17,犯怵中的嫌疑喵,看过,no rate,2018-09-20 20:50:21,我滴妈，没被狗吃了的青春原来长这样- -
18,左子楚,看过,较差,2018-09-08 17:51:13,国产青春片不堕胎已经有进步。
19,KIDO,看过,还行,2018-09-05 22:11:07,"17岁时趴在床上流着眼泪看书看了一宿，所以当收到豆邮点映邀请时，主要是想给自己年轻时流的那些眼泪一个交代。
没想到能超出预期，几乎避免了国产青春偶像电影里的所有矫情和做作，虽然还是会有处理得比较生硬和略尬的瑕疵，但相比其他那些甜腻的#国产#青春#励志#爱情#梦想#偶像电影已经很好了。"
20,曼靑,看过,还行,2018-09-22 10:24:47,「当这个世界真正变得好起来，从来都不是柔弱者开始变得强大， 而是因为强大者成功地控制了自己。」落落确实让这部非主流时期的陈旧故事变得有了一些新的意义，没有一味的青春疼痛，而是实实在在的讲述了一个校园霸凌故事。在原著的基础上做了一些合理的改编。易遥的堕胎变成了妈妈顾客的性病传染，顾森湘的性侵变成了意外坠楼死亡，易遥自杀之后带着希望活了下来，最后齐铭也没有因为剧情的需要而被动的去开煤气自杀。最喜欢的一处是，顾森西初次和易遥自我介绍的时候说：「我叫顾森西，西游记的西。」易遥转过身后，叨念了一句：「你为什么不是希望的希呢？」她觉得她的人生不会变好了，就像太阳不会从西边出来。但是顾森西告诉她，他是金牛座，金牛座的守护星是金星。从金星上看，太阳就是从西边出来的。
21,王大根,看过,较差,2018-09-21 17:52:40,女主有点像李惠利，俩男主磕碜了点儿，长得还不如陈学冬呢。小说里易遥流产的情节给改成了得尖锐湿疣，还得反复强调自己是处女，老实说还不如流产吧……“我也想像别的女孩一样，用的卫生巾都是带香味的”这样的台词，全中国大概也只有郭敬明的电影里能看到了……
22,一口大井子,看过,较差,2018-09-21 17:52:53,卫生巾为什么要带香味？？？拿来闻吗？
23,U_U,看过,还行,2018-09-22 08:05:59,我还记得初中，我的一任同桌，具体是什么原因遭受到全班的欺凌不太记得了，她被全班欺负了整整三年，我有时会帮她说话，还好别人也还听我的劝，有一次班上的女混混放学后把她强行带到学校附近的巷子里打她，我去骂了那个女混混，但是同桌却拒绝了我的帮助，说我多管闲事……从此以后我变成了冷漠的一员，再也不帮她说话。事情过去这么多年，看到这部电影我才想起她，不知道她现在过得怎么样，当年的阴影还在不在，我很后悔当年没有坚定我的立场，在那个初中，没有我偶尔的几句劝，就再也没人帮她了……
24,Yukip,看过,推荐,2018-09-08 21:00:37,"其实愤恨，吐嘈都无用，只有站出来为了善良而抗议，因为无视和冷漠也同样属于霸凌。
鼓励国产的首部霸凌片，说出了很多人的心声。"
25,追你大腿根,看过,力荐,2018-09-21 14:14:49,超预期的好看，妈妈打了自己一巴掌，说：走，妈带你去看病。泪崩了，忍不住
26,宝钗,看过,较差,2018-09-21 18:24:10,无语，宣传打着校园霸凌的幌子，又把我骗去看了
27,鱼主播,看过,很差,2018-09-19 20:40:04,“一看就是个有病的”，真是硬核台词。
28,米拉拉,看过,力荐,2018-09-22 08:42:44,想起我遍体鳞伤的青春，泣不成声。电影很现实了。但我相信一定有很多人觉得夸张做作，因为遭遇这种年华的人，毕竟是极少数的存在。电影拍的肯定是不够完美，但胜在题材的社会价值，充满诚意，我给满分。
29,嘟嘟熊之父 🧸,看过,很差,2018-09-21 20:40:49,说人话！能不能说人话？！到底从什么时候起我国青少年的矫揉造作程度已经到如此天理难容的地步了的？还有这镜头，能不能别死命往演员脸上戳，我感觉自己是在用显微镜观察一个个草履虫细胞。
30,海月梦香,看过,较差,2018-09-21 18:08:00,这么有意义的题材，拍成这副狗血样子……而且最主要的欺凌部分以及报复部分竟然都2分钟mv式带过了，完全主次不分啊
31,基瑞尔,看过,还行,2018-09-21 13:07:10,越级碰瓷大洋彼岸《十三个原因》，绑定任素汐李银河外加《药神》，本片无声无息中的骚操作多到让人窒息。五个新人空有皮囊却连最基本的台词都不算过关，尽管两个男生都很好看。原著本是青春期的无病呻吟，此番披上欺凌话题的警戒教育虽然有点膈应，但还算有点“良心”。无论是片尾勇敢说出心声的施害者还是浑然不知的受害者，更或是漠视的旁观者，悲伤并不能引人前进，只会像失血一样撕裂每一颗心，所以请一定要勇敢。
32,泡椒凤爪,看过,还行,2018-09-22 05:57:56,校园暴力是个好题材，电影改编把原著提高了level。演顾森西的演员不错，其实影片里新人演员的演技都算OK，就是台词太差了，电影里给安排的台词也过于矫情了一些。
33,梦里诗书,看过,较差,2018-09-21 15:46:52,对校园暴力以聚焦的《悲伤逆流成河》却并不是一部真正意义上的现实主义电影， 校园暴力只是成为了其用来博人眼球的噱头，而没有成为一把能去着点社会现实的利刃，电影内里的贫瘠，演技的拙劣，都是那言之无物的唯美镜头根本无从掩盖的诟病。
34,。，。,看过,推荐,2018-09-22 00:26:54,"“你生活在光亮里，你就觉得全世界都是光亮的。”易遥说给齐铭的这句话也是说给我的。爸妈没打过我，我不能理解有的家长追着孩子打；没和同学吵过架，我不能理解为什么女生会扯头发；没有经历过至亲的离世，我不敢想失去至亲的痛苦。从来都没有感同身受，前一秒在电影院哭得稀里哗啦的我，后一秒逛了小吃街笑得像个小傻子。看完这部电影，我想，以后我要更善良更主动一些，或许我的一个微笑，一句关心真的能温暖别人呢，我幻想这个世界上有那么一个人，想到我时会感到一丝快乐，哪怕我们只是擦肩而过过。
如果一个微笑一份理解可以救活一个人，一句调侃一声嬉笑也可以杀死一个人。"
35,⎝S W⎠,看过,推荐,2018-09-24 19:37:48,说矫揉造作的你们都是齐铭，你们不理解为什么一个解释就能解决的事要闹到自杀，你们不知道，可是我知道。
36,米其林2号,看过,较差,2018-09-21 09:41:35,国内青春片很难拍出新意了，虽然这部比原著来说没那么黑暗到底是个好事，阴郁少女，病态家庭，阳光少年是标配，但故事也一如既往的没什么内容
37,宇小敏,看过,推荐,2018-09-21 08:57:13,3.5。三星给任敏。半星给辛云来。尤其任敏。这姑娘或许生来是为了演电影的。
38,二火山,看过,很差,2018-09-21 11:04:47,四娘的书被拍的一塌糊涂，看过最差的关于校园暴力的电影！空有噱头，和《小时代》一样，全片都是MV串MV，堆砌着无效华丽的镜头和词藻，贫乏空洞，干瘪疲软，这些新人的表演集体崩塌，没一场能看的戏。尤其那个演顾森西的演员，演的是个什么鬼，吴亦凡的词条都比他强十倍！落落的导演功力真还不如四娘，还玩什么打破第四面墙，上部《剩者为王》除了金士杰那场独白，谁还记得这电影讲的是什么！任敏空有张电影脸，碰上这种放养式的导演，也成不了邓家佳和高雅星！加半星给张韶涵的歌……为《左耳》鸣不平……
39,湖绿鬼兮,看过,推荐,2018-09-09 12:27:25,我觉得我混在一群哭的上气接不上下气的妹子中间真的好另类，看的时候还频频侧目不知何故，最后交流的时候果然哭的最厉害的都是有过被欺凌经历的，这场电影大概成了她们的发泄地，女主几次情绪爆发演技可圈可点，但是几次对于群体性欺凌过程的描写（女主生病被全校疯传、女主涉嫌杀人被写大字报）拍成了mv快镜则有点令人匪夷所思，本该是积累情绪的过程却轻描淡写意识化了，另外一些台词念出来实在是太尴尬，这电影的中二感倒是没表现在人物性格上，全表现在书面文艺的大段念白上，这点来说编剧要背锅，既然题材都大改了，原著的郭氏文艺腔没必要带到电影里来。不过最后再说一句，虽然没经历过做不到完全的感同身受，但是仍希望校园欺凌现象能更多的被揭发、被遏制、被制止，希望每个被欺负的同学身边，都有一个顾森西。
40,科林,看过,较差,2018-09-21 10:16:27,喜欢顾森西，西是影视歌三栖去掉木字旁那个西、是太阳从西边出来那个西，嗯~辛云来会红。片子本身叙事很不老练，稚嫩，又想用MV式、跳跃般的剪辑和冷色调滤镜制造美感，结果是空洞的美感…几个高颜值新人的表演不堪入目，楚楚可怜没有，矫揉做作绿茶味倒是铺满整个银幕…给个面子，为辛云来加点分，看好他的未来。
41,HLDF爱Lee,看过,力荐,2018-09-23 17:37:13,易瑶的身边还有顾森西，可当年的我身边谁也没有，不过还好我走出来了，所以，易瑶们，你们一定会走出来的
42,莉_Jodie,看过,力荐,2018-09-24 00:51:56,这部电影没有到给5星的程度，但我觉得现在豆瓣评分真的有失水准，有些我认为真不太好，反而有高分，我觉得也没那么差，却很低的分，我打分就是根据内心走，喜欢就是好，不喜欢就低分，这部我会推荐给身边朋友看！
43,藤井树,看过,推荐,2018-09-20 01:42:23,推荐给所有家长和年轻人看，成长过程中受到的伤害该如何应对是一生的功课。很多人或许终其一生都不能走出阴影。电影本身仿佛一把钥匙，打开了观众的心门，通往不为人知的角落。用一部电影为中国影坛贡献一批新面孔，功德无量。很多人都看哭了，所有人看完都有话要说，这部电影比想象的还要好，是真的！
44,sanyo1527,看过,很差,2018-09-21 16:05:34,这么多打四星的人是认真的吗？很神奇的一部片子，每场戏总有一个以上没做到位的方面让人扶额。不会拍电影的典范，剪辑毫无意义。几个女主，是小林允、小张雨绮还有高壮版欧阳娜娜吗？
45,我是一只汪,看过,较差,2018-09-21 17:04:20,我的青春都献给了题海战术，献给了只争朝夕的岁月，那些所谓的狗血剧情，我只在书中偷看过，但却不敢实践，因为我怕我过不了中考，考不上大学。
46,橘猫爱吃鱼,看过,还行,2018-09-22 07:42:26,校园欺凌这个题材不错，几个年轻演员表演还是挺走心的。
47,黄小五,看过,还行,2018-09-22 09:54:18,好像讽刺郭敬明的写作能力，就能显得你很牛逼很有逼格似的，好像嘲笑别人矫情，就能证明你不曾矫情过似的。可以指出缺点，但冷嘲热讽真没必要。台词是偏矫情，但这不正是一部分人青春的真实呈现么？整体镜头有落落自己的风格，且不同于原著的过度灰暗和压抑，有更积极的现实意义，挺好。
48,ラ,看过,较差,2018-09-21 18:22:56,比郭敬明的电影强，但郭敬明的原著嘛再怎么拍也就那样，音乐台词不懂克制，演技烂，女主最后反校园欺凌的那段怒吼通篇陈词滥调，没力度更没新意。郭女士写这些台词是要指桑骂槐把所有说他拍烂片的打成欺凌？笑鼠了。
49,what'swilliam,看过,还行,2018-09-23 16:56:37,《悲伤逆流成河》：3星半。电影没小说那么悲剧，挺好的处理。1.男主出场时影厅内响起一阵女性观众的惊呼+倒吸气，后半段影厅内不时出现女生啜泣声。2.汤小米这个贱人！！！3.男二是柯震东混搭白敬亭，角色设定非常吸粉，搞笑担当。4.缺点显而易见，男主男二的台词功底烂的不分你我，MV式镜头和矫情的台词也让人犯困，好在不算多。5.流言暴力从校园到巷弄无处不在。6.最终让我给出不低分数的是一句意外戳泪点的台词，女主哭着说：我都不知道世界上还有带香味儿的卫生巾。
50,xslidian,看过,推荐,2018-09-08 21:48:19,"电影与郭敬明无关。
总算有人拍妄为之恶了，如果这部电影能让未成年人保护法的年龄降低哪怕一岁，也是对下一代的重大贡献。
当大雄挨欺负时，只有揍胖虎才是正义。现在法律能惩治小夫了，但胖虎仍然受到过度保护。
该罚的罚到位才能保护未成年人。"
51,越前龙马,看过,较差,2018-09-21 09:44:26,原著想给负分，这两星给校园霸凌题材！
52,徐若风,看过,较差,2018-09-25 18:02:49,"落落很聪明地把《悲伤逆流成河》改成了《年华是无效信》。群戏崩坏尚可容忍，毕竟对这些新人演员也不存在期待，况且矮版杜鹃和小井柏然已经尽力了，没有带人入戏的能力还咋办。
然而要命的是，疯狂滥用升降格和特写，以及神奇狗血的剧情展开，把电影碎的不成样子，更进一步凸显出演员的薄弱。
简直是一个从前期筹备到后期制作都狂出问题、漏洞的“项目样本”。
作为“郭敬明宇宙”里的口碑最强音，实则和《小时代》等毫无水平差距，只不过改变了观看上海的方式——长镜航拍高楼下的贫民危房开篇，这么一点改变罢了，却映射出视角、逻辑对观众来说有多重要。"
53,阿暖,看过,较差,2018-09-21 12:37:51,情绪的部分有一些拍得还不错，当然也经常陷入俗不可耐的过度煽情。剧情就完全不行了，虽然努力改得不那么黑暗（可能是为了过审吧），但还是挺站不住脚的。ps这几个新人演员的戏差到我一开始以为他们都在演盲人。。
54,黑狗成,看过,很差,2018-09-21 14:18:28,郭敬明宇宙，太黑暗了。
55,顗禮,看过,还行,2018-09-24 16:00:06,"“施暴者往往也是受害者”
结尾女主大爆发的那一场戏不错！加分
最世作家原著改编电影第二次及格及郭敬明原著改编电影第一次及格，李银河居然还夸了本片。运镜和风格还挺郭敬明的，开篇长镜头类比爵迹，中间有几组镜头挺小时代的。整体还行，选角不错，对于笑点和几次起伏的处理有进步，结尾切题切的也OK，就是有些部分还是略显矫情和狗血了。
防止与反击校园暴力人人有责"
56,miu miu,看过,还行,2018-09-20 21:53:15,有人什么都好 有人什么都不好还要受人欺凌 电影主题很好 善待世界善待每一个人 顾森湘太可怜 张韶涵那首歌很好听
57,谢谢你们的鱼,看过,还行,2018-09-23 20:19:53,其实是超预期挺多的电影，认认真真地说过了一个具有现实意义的故事，尤其对比着最近的那个女生的自杀事件更显出了影片存在的价值。比较难得是落落拍出了中国青春片少有的现实感和生活气，对于女主角遭遇的处理循序渐进、合情合理，很多细节的处理都看得到导演的小心思，颇有日本同类型电影的感觉。但是不可否认是影片中大部分演员的表演非常糟心，落落大量地采用MV式的拍摄手法使得节奏一直处于不稳定的状态，而且台词的做作也不能被忽视。
58,土豆,看过,较差,2018-09-22 03:11:11,披着校园暴力皮的青春疼痛电影，立意比小时代好，台词依旧矫情做作，演员台词和演技略显尴尬。母亲用演技承包了我的泪点
59,亵渎电影,看过,很差,2018-09-22 13:58:41,导演意识基本上等于零，这要是没有全程配上各种歌曲和音乐，这节奏早就干死了，这位女导演还是去拍MV更合适。这剧本也很可怕，三幕的戏剧逻辑都是割裂的，女主角的情绪是跳跃的，本来就是不会演的小孩儿，加上这样的剧本，更是雪上加霜。一群孩子的配置和小时代差不多，本就是一个校园偶像剧，非要不疼不痒的加上校园霸凌，这种现实主义题材的元素在类型化的任务面前，变得非常的苍白和套路，再加上零演技和郭敬明式的矫情对白，很多时候只要女主角一开口就有一种被恶灵附身的感觉，看得人都想给女主角驱魔了，最后片尾还有一段真人的采访素材，给人的感觉除了幼稚矫情之外，还很心机。 ★
60,西楼尘,看过,很差,2018-09-21 22:46:32,阴郁仇恨的易遥、两难懦弱的齐铭、阳光自由的顾森西、温柔大方的顾森湘，都像被操纵的提线木偶，念着最生硬的台词，扮演着符号。郭敬明笔下的人物空有人设，没有人物。呼吁所有书粉为易遥集资购买毛巾和带香味的卫生巾，而结尾谄媚审查非常令人作呕。面对霸凌，多少人选择了沉默，就有多少人成了推手。
61,Mickey,看过,较差,2018-09-13 22:52:34,摄影还行，配乐灾难，聚焦于校园霸凌，但问题多多，莫名其妙的台词和剧情神转折，最后的正能量有点“呵呵”，女主有待开发.......
62,灬安东尼灬,看过,很差,2018-09-21 17:27:17,一个字烂 真的是个人都能当导演
63,邓安庆,看过,较差,2018-09-21 23:33:07,演员还行，但电影本身真的不行，零碎杂乱，一段一段的，导演无力把控住整部电影，只能靠歌曲来煽情。好比是菜已经糟了，多放点味精吧。叹气。想把拉我看电影的人揍一顿。
64,udon me,看过,推荐,2018-09-21 15:07:47,"是否还可以对易遥说声对不起
——如果她选择继续活下去，如果她已经长大了，如果当她偶然看到这部电影后也想起了自己遥远的青春"
65,方方,看过,较差,2018-09-21 17:59:28,莫名的特写太多了。有些台词太矫情了。跟嘉年华比差太多了。赵英博很帅，怕不是下一个霍建华。
66,祈愿酱,看过,很差,2018-09-21 17:06:03,这真是无比尴尬…
67,纤纤,看过,较差,2018-09-23 11:23:56,年轻的面孔，熟悉的故事，青春题材，差一点。
68,诸葛若见,看过,还行,2018-09-26 09:54:57,有一定社会意义，直视校园霸凌，以及原生家庭对子女的伤害，选择这个题材很有勇气。但对白矫情的好像空间文体，剧情略撒狗血，令人如坐针毡的尴尬。除了城市学校的例子，建议主创再看看乡镇学校霸凌视频，了解下真实的残酷青春。同样是社会题材，拍的好就嘉年华，拍的不好就逆流成河。
69,鲜衣怒马的少年🎈,看过,推荐,2018-09-22 12:24:44,实名讨厌一星装逼狗
70,桜の花飞舞时,看过,较差,2018-09-29 18:55:30,剧本真的是硬伤，谁的锅？
71,北岛淳子,看过,较差,2018-09-21 17:58:18,虽不尽如人意，但并非一无是处。角色的性格特征是鲜明的，但作为电影来讲，光是人物成立是不够的。叙事太弱，太多没有交代清楚的线索，被削弱的故事导致电影感薄弱。虽然剧本仍有郭敬明的改编，但即使是最默契的搭档落落也不能完全捕捉到原著里很多应该体现的细节和情感。易遥和齐铭这条线被弱化了，由此失掉了原著的味道。要制造悲伤首先也应从故事出发，太多零碎的特写和太多升格镜头只能徒增矫情和造作。没有一味地复刻书中的对话，有几处把原著搬进台词里反而有些生硬了。为了过审改掉的情节在电影中运用得倒还不错，把原著疼痛伤感的青春故事演变为具有社会认同感和同情心的校园欺凌是一个挺聪明的做法。几位新演员中赵英博还是比较生涩，饰演顾森西的辛云来倒是很抢眼，邬君梅的人物刻画稳定而且贴切。只是这样的片子，没看过小说的一定不会喜欢。
72,腐狸,看过,较差,2018-09-22 16:10:46,预告给我的感觉不错，但影片故事叙述还是差了点
73,30天才能改名哼,看过,较差,2018-09-21 13:48:41,插曲是好听，也不用放三首吧，对于校园霸凌只是隔靴搔痒，女主还是蛮有潜力的，眼里有故事，故事高潮段落基本都在sunnee的推广曲mv里了
74,一起吃地瓜,看过,较差,2018-09-22 16:59:32,片子里人名起的很琼瑶，台词也有点不适应，题材不错。
75,(*^ω^*),看过,较差,2018-09-22 10:04:21,题材不错，但演技不行，台词很做作了，听了真是莫名尴尬。
76,熟客思春期,看过,很差,2018-09-21 21:44:17,生而为人的本性驱使我给了一星，即使低能儿顾森西在人物塑造上“有一定受众”，这依然没法让我补上那半颗。实在受不了这么“琼瑶”的易遥，齐铭也长了一张典型的“花瓶学生”脸，这还怎么当学霸？最搞笑莫过于反派唐小米，为了刻画她的负面，她的妆容跟衣着的审美看起来比易遥穷多了。究竟谁是妓女养的？有点想跟郭老板道歉了，这部片子如果评分高过小时代，说明国人真不爱看书，连垃圾文学都不看，光爱看电影。
77,33-eR,看过,较差,2018-09-22 17:09:20,要不是包场可能10分钟就离场了… 鼓励题材加1星，求求演员们多磨练一下演技和台词，求求编剧把台词改成人话。狗血逻辑死的青春是主体，霸凌只是小插曲。有香味的卫生巾真的很好笑。以为会把校园暴力血淋淋的扒开给观众看，结果个人比较期待的集体性恶行直接快剪交代完了很削弱观感。空镜头毫无意义的堆砌，人物情感极其断裂，配上矫揉造作的台词实在太难共情了。其实被校园暴力的人和性侵受害者一样 ，不用渲染家境多苦，怀孕打胎或是被迫感染难以启齿的病，即使是完美无缺的人也同样会遭遇，唯一的不幸就是被恶魔盯上了，再动之以情即使生命消逝很多情况下参与者也不会在乎的。让人难受的可能是父母的态度。都说不要把对郭敬明的意见带到电影中，单纯当做电影来看也真的很差。虽然演技差，但男二的人设真的很校园理想型也算是唯一的好感了。
78,ZeonGin Sou,看过,很差,2018-09-25 15:24:57,那一刻，郭敬明化身任敏，在河边向你们每一个凶手发出怒吼：是不是只有我死了，你们才不会骂《爵迹》！！！！！！你们才不会骂我的粉丝！！！！！！！！！！！你们才不会骂我！！！！！！！！——你们没有一个人是无辜的。
79,桃花千里不及卿,看过,还行,2018-09-27 17:25:35,主题是好的，校园暴力和原生家庭都很需要社会关注，可惜用力过猛，显得有些矫情
80,AreYouMonster,看过,力荐,2018-09-22 11:32:55,说拍的不深刻的那些人，真按照韩国那种方法拍，你觉得过的了审吗？
81,汪金卫,看过,很差,2018-09-22 12:58:06,校园暴力这样现实、严肃而难得的好题材，硬是被充斥全片的无尽狗血、说教、俗套、矫情、幼稚给毁成穷作版《小时代》了！最该着重描写的霸凌过程、加害受害者心理被一笔带过，女主和两个男生莫名其妙毫无逻辑的感情发展，以及所谓嫉妒、死亡、自杀，都还停留在高中生写YY小说的水平。2007年时代还原得不算好，年轻新演员集体生硬尴尬的台词水平更是灾难，配上大段说教台词简直不忍直视。同样是校园霸凌和畅销小说作家导演，郭敬明/落落真是比九把刀《报告老师》差太多！一星半不能更多
82,有心打扰,看过,还行,2018-09-22 15:40:34,剧本可以再精雕细琢一些，而不仅仅只是为了在影像里描述一些现实行为，而生硬刻画、制造一些不合理的场景、角色行为等。当然，齐铭饰演者的演技真是一塌糊涂，非常拖后腿，与女主在堤岸的对手戏，显得格外刺眼。不过整体而言，影片在情绪渲染上可圈可点和易遥这个角色本身，我愿意给一个及格分。
83,你的温柔像羽毛,看过,力荐,2018-09-26 13:41:12,上学的时候有几个个子比较矮小的或者长得比较不好看或者智力比较低下的同学会被一些自以为是的男孩子欺负，轻则当面嘲笑，重则拳打脚踢，指使别人去跑腿，叫他们拿生活费出来请喝水，很遗憾，我是旁观者，我很怕我以后的孩子也会遭受这样的欺凌，少年犯错最可怕，他们可能都不知道自己错了
84,甜鱼拌饭酱,看过,还行,2018-09-23 17:07:38,“我可以不恨，但是我不会原谅”！
85,予己一书,看过,推荐,2018-09-21 12:04:52,一星预期入场，比预想中好太多。三点五星。比小说好上一万倍，缺点前半段剧情铺垫太拖，台词如垃圾文艺片一样不真实很矫情，甚至让我一度想离场。电影到后半段剧情通畅很多，配乐抒情加对校园暴力的diss让电影升华很多。放眼现实几乎每个班级都会有一个跟班级格格不入的人遭受班级大部分同学的语言暴力，那个人以后人格性格出现问题说话的人都是凶手。女主与母亲的感情戏也不脱节，就像电影的调味料很加分。落落拍电影的水平比郭矮子要好上太多。
86,Linus Yu,看过,推荐,2018-09-22 19:22:12,刚上初中的时候看过原著，受不了里面矫情做作的情节以及草草了事的结局，就是从这本书起我对郭敬明粉转黑。暑假的时候在电影院看到预告片，那种日式的色调和气氛一下子抓住了我，正在猜是哪个导演什么片子时，片名出现，导演是落落，我都不敢相信这是郭氏小说的电影化。正片不如预告那般惊艳，但整体风格比较统一，摄影光线色彩的把握很棒。前面部分节奏略拖沓，年轻演员们表情台词过于青涩，但后面渐入佳境，连女主角的独白也开始有感染力了。原著里与人发生关系并私自堕胎的易遥在电影里被改得更单纯更无辜了，这样更好地将主题聚焦在校园暴力上，原著是怀孕堕胎无病呻吟的“疼痛青春”小说，电影却多了一份社会意义，在青春片不再吃香的当下，这部电影让我看到了难得的新意，很成功的改编！
87,风飞沙,看过,很差,2018-09-21 16:05:03,太矫情了，都不得了！
88,一口吃掉小蛋糕,看过,推荐,2018-09-05 21:25:22,前半段也太欢乐了吧，男二演技尬到要打破第四面墙了，但后半段的表演很有张力，在警察局的时候眼神很有戏。相比之下男主就比旁观的女同学眼神还空洞。我一定要给一路旁观的女同学演技点赞，没台词我却一直记得她。特别感谢姥姥把我养的这么凶狠。校园霸凌从未出现在我的生命里。愿校园再没有阴霾。
89,乌鸦火堂,看过,很差,2018-10-25 13:07:40,真的很悲伤，一个原本现实题材的故事，被拍成了狗血剧，各种反智操作和表现，矫情的要死，实在无语。但更看不懂的是，另一部现实题材《宝贝儿》，那才是困惑的现实写照，因为某个演员，评分5.6还不如这个，也就不说什么了
90,bekey,看过,还行,2018-10-10 19:06:40,首先为这个题材点个赞，中国首部校园霸凌影视作品！其他风格类似郭敬明其他小说人物，但是角色选的不错，男女主包括弟弟顾森西，易遥的眼神很到位，包含了各种情感！
91,古月画,看过,推荐,2018-09-25 17:34:14,河坝上的嘶吼、奔跑，太帅了！眼泪很不争气的流出来了呀。为什么男主是齐铭？
92,时尚一姐小渡边,看过,很差,2018-09-23 06:49:28,矫情的戏剧化。
93,Luc,看过,很差,2018-09-23 12:01:31,演技基本没有，感情只能靠吼。主创对“校园霸凌”是不是有什么误解？ 这种卖弄颜值的狗血情节被贴上所谓“现实主义”的标签，才是对真正的霸凌受害者的侮辱吧。
94,猫妹May,看过,推荐,2018-09-20 22:54:39,推荐的原因：邬君梅和顾森西（辛云来饰），一个老戏骨撑起来一些节奏，一个新面孔，说是压抑之中的光亮都不为过，帅气青春阳光可爱。全片最感动的地方就是邬君梅的那句：“走，妈带你看病去。”瞬间眼泪就下来了。最后谢谢豆瓣电映的抽中～辛云来本人出现，真的是心动的感觉没有错了！！！
95,扑糕仔,看过,推荐,2018-09-23 19:32:44,………………重拾了我初中时候想把齐铭活活打死的回忆。
96,BANG.,看过,力荐,2018-09-22 09:04:48,"我仿佛在影片中，看到了曾经的自己
校园欺凌其实并不可怕
恶心的是当暴力发生之后
那些束手旁观  趋炎附势的人
还有将所有的错都怪罪于你的老师们
愿所有施暴者  
此生能够遭受到应有的惩罚"
97,Cycble,看过,推荐,2018-11-16 00:39:04,"齐铭：那些陪你一起走的人也许并不了解你，也许只是因为你们恰好住隔壁。

易瑶：带刺的玫瑰会有人捧在手心，带刺的仙人掌也会有这一天，他把你的刺变成一根根羽毛，让你在沉重的生活里起飞。

顾森西：谁不想要一个顾森西做男朋友？

顾森湘：总有一些人看上去就很美。

唐小米：受害者不具有更多的怜悯和同情，转身就成了加害者，惧强凌弱，这样的人不要太多。"
98,小牛魔王,看过,推荐,2018-09-05 21:00:32,题材OK演员OK音乐很好，减分项大概全在剧情和台词吧。 豆瓣观影团2018.15青春光线
99,法兰西胶片,看过,很差,2018-09-11 18:30:52,限制级少儿道德灾难。
100,尽欢,看过,很差,2018-09-23 03:22:09,空洞无物。
101,呷哺舌,看过,较差,2018-09-21 16:13:51,表演糟糕，台词尴尬，剧情根据导演需要而进行。做作又肤浅，幼稚又无聊。家里穷得只能穿耐克鞋戴高档耳机？一个正常的高中生会说出“你现在怎么也变得这么脏？”“我还是个少女！”这样的话吗？校园霸凌值得关注，郭敬明系的电影不值得。
102,白露悠悠,看过,力荐,2018-09-28 23:32:53,每一个女孩的生命里，都有着这样一个男孩子。他不属于爱情，也不是自己的男朋友。
103,喜庆&安乐,看过,很差,2018-09-22 07:39:40,明明又是一部青春脑残片，郭抄袭非要蹭热度硬拗成反校园霸凌，吃相实在太难看！让这部脑残片的豆瓣分和票房再掉一点。让郭抄袭莫再搞些这种垃圾出来恶心人！
104,TAN愛,看过,还行,2018-12-28 13:49:00,小说我是看过的，不过已经不记得内容了，导演不是郭敬明，有点想看。
105,SELVEN,看过,推荐,2018-09-22 19:24:49,70/100 本片对于校园霸凌的展现是完全超过我的预期的，比如把家庭和生活环境也加入探讨的范围，反而感情线成为了表现主题的合理工具，考虑到市场你得允许这样题材的片子和青少年向的类型片相结合，而且对白风格加入适当的“伤春悲秋式的矫情”也完全没问题。很喜欢最后阶段河坝的处理，尽管为了营造一种形式感稍显脱离实际，但这样直接的质问霸凌者和沉默者很具感染力。我也看过不少美国校园霸凌题材的作品，能让我有这样沉默者压力的并不多。
106,对你爱不完,看过,很差,2018-09-22 01:39:15,故事烂，演技差。
107,当年翩若惊鸿影,看过,较差,2018-09-22 21:11:50,题材可以，台词还能更做作一点吗？
108,mOco,看过,较差,2018-11-15 11:48:54,没有想象中的差，虽然还是很矫揉造作，演员也全是灾难让本来就尴尬的台词更加不是人话，但题材加分，勉强能看。
109,局外人psy,看过,较差,2018-11-13 01:39:23,题材挺好，就是剧情太幼稚，表演太生硬，台词不说人话。
110,柠檬茶~,看过,还行,2018-09-22 19:59:29,没有营养的剧 越来越多
111,野生的皮皮鲁,看过,还行,2018-09-23 07:00:28,几个新人虽然演技青涩，但感觉很真实、感人。
112,鲸鱼君,看过,较差,2018-09-22 15:08:25,《悲伤逆流成河》：拍“校园霸凌”题材很有必要，但电影却没有命中靶心。霸凌的部分都用MV式的段落带过，软化了影射现实的尖锐性，更要命的是导演还有意要拍成玛丽苏偶像剧，矫情的台词、二逼的男角(两个角色本可以合二为一)、事无巨细的摄影方式，大大降低了电影的品相。提名：最佳新演员(任敏)。★☆
113,小跟班1709,看过,还行,2018-10-02 08:40:16,还不错，比小时代强多了，期待电影与电视的碰撞。
114,狐狸,看过,力荐,2018-09-22 16:31:05,挺好，今天去看了
115,你是電你是光,看过,推荐,2018-09-22 07:58:26,初中看过小说，我只记得我华一下午看完，合上书的那一刻，我突然就哭了，就很难受。没想到现在拍成电影了，演员导演都不出名，但其实也还好啦，看完挺难受的。
116,熊扑奶团、,看过,还行,2018-09-29 22:52:07,第一部真正算得上的校园欺凌剧，但剧情较狗血。
117,Morning,看过,很差,2018-09-25 09:51:13,如果导演只停留在某种情绪里，便很容易被摄影绑架，开篇那个由特效合成的长镜头，衔接处并不流畅，要说芸芸众生中的我和你即将开始的相似遭遇，有很多种方法，但是充斥全片的航拍、大摇臂等等镜头并不合适，摄影一定是要服务于文本，本就是走细腻情感的内容，看看《七月与安生》是如何运镜，郭敬明《小时代》也有此类特点，广告式的镜头只是空洞的好看。电影虽然有最后女主角的控诉打底，却也是一直在情绪里的创作走不出来，且在此之前她已经一定程度上解决了母女矛盾，正常的剧作逻辑，她走不到最后那一步。因为字幕包含了法律法规和专题纪实片，所以这要不就是严肃的社会题材，要不就是去碰瓷，那在文本意义上，根本没有厘清这个霸凌话题所以会涵盖的东西，更别说探其深度广度，熊浩说，有些恶要被澄清，有些原则要被端正，这才是那段戏要讲明白的。
118,犹在镜中,看过,还行,2018-11-20 13:33:56,女性导演的意识让电影铺满忧伤意象，但阻断了社会意义的发酵。其实很多处可以看出想展示镜头语言的意识，但是拍得非常不电影，很多细枝末节的冗余飘散其中，显得虚浮。顾森湘那段戏其实可以参考《母亲》（奉俊昊），但是这场戏作为转折点实在太突兀了，揭露阶层差异却丧失了起码的合理性。但也有可能是我想象有限，现实中我的位置更多是电影的旁观者，没准还得迫于群体规范也进行霸凌呢。总之，背景框架太抽空了，填再多意象和细节都救不回来，创作者可能对这类问题的理解不够深刻。但看得很感伤，希望真正关注此类问题的电影能够多起来，更靠近现实主义点。
119,少数派的报告,看过,还行,2018-12-13 23:41:11,无意间选了这么一部电影，对齐铭也是谜一般的不理解，既然是从小到大的朋友为什么完全不信任易遥，在她受到欺负的时候不能站出来？校园欺凌我是没经历过，但是因为这部电影确实想到以前初中的时候班里一个女生被排挤的事，那些调皮的男生给起外号、整蛊、言语的贬低，虽然没有电影里面那么夸张，不过也算是精神暴力了吧！多年后的同学聚会还有人提到这个女生现在不知道过得如何，说那时候小不懂事。好像和电影里面说的挺像的，总的来说这部电影还是能看看也没那么糟糕，不过你要是特别较真的人那还是算了……
120,全是奶,看过,还行,2018-09-20 22:02:58,超出预期，3星半以资鼓励。电影剧本主打校园暴力，没有打胎等狗血情节，单从剧本来看内容是过关的。电影前半段运用了各种蒙太奇手法想要体现质感，但我们家落落毕竟是外行，给我一种还不会走就想跑的感觉，要不是小女主的演技和台词实力较佳，很多场景转换都会非常突兀雷人的。后半段节奏和气氛都渐入佳境，包括一开始让我有些尴尬的搞笑担当顾森西，也在后半段实力圈一把粉。高潮戏拍得挺扎实的，这里要再次表扬一下小女主。山田丰作曲的原创歌曲真的非常不错。
121,发光女孩,看过,很差,2018-09-22 12:18:29,看好多人说好看，我的妈，刚开始那儿就一种眩晕感，难受。片花比正片好看系列，说校园暴力，但也没挖到正点上吧。just  so so.
122,暖,看过,较差,2018-09-21 17:23:06,其实比预想中好点儿，但是依然是烂的，作为电影基本技法不及格，可惜了霸凌题材，但是还是要说郭敬明挑演员的眼光还是不错的，几个小演员都还挺舒服的。
123,meatballl,看过,力荐,2018-09-22 18:25:32,我本来没想着给5星，因为好多逻辑不通。。但最后看见教育部的电话和反校园暴力的视频还是决定给5星。作为一个被校园欺凌的人，看到最后眼泪真的是止不住
124,大巧若拙,看过,还行,2018-11-25 15:32:47,现实中没有一个帅气的顾森西陪着你 所有人都在欺负你 而你还不敢死
125,樱花花花花,看过,较差,2018-11-16 00:56:40,题材挺好，故事浮夸+矫情，演员演技很差（除了邬君梅），影像风格和剪辑手法真的很郭敬明style，落落对郭敬明是真爱了。最后，关于校园暴力题材，推荐大家一部话剧，《花吃了那女孩》。
126,穆子衿,看过,较差,2018-10-04 23:23:01,矫揉造作的疼痛青春电影。
127,沁生,看过,推荐,2018-11-15 00:29:07,"“有一天，我们或许会以积累的私心之罪，换来双手的血腥，这世上若有比伤害他人更重的罪，就是伤人之后，全然不觉伤害了对方。”
"
128,Leo_Tung,看过,较差,2018-11-20 00:09:21,1剧情：上十五、六年学你见过全校99%人因病而歧视欺负一个人的？有校霸劫道要钱，有学渣其软怕硬，其他人没见义勇为，但也不会雪上加霜，视而不见听而不闻，面子工作还是要有；2演员：可能首次拍戏，演技基本属于“还有很大进步空间”一类，女主还可以，台词略弱，龙凤胎弟弟也还行，查了一下，年纪比别人大；3剪辑：跳跃的莫名其妙，好电影也有这种表现，但最后都会一针见血，四两拨千斤地圆回来，而不是东一斧子西一榔头把人看晕；4配乐：前面惊悚片既视感，后面在郭小四的监制下果然拍成了最长的mv。题材是好的，但没合适的导演、编剧，本来传达的思想，也拍出了小女生爱看的四角恋、“宫斗戏”味道，结尾强行升华主题的片段也让人无力吐槽，谁tm自杀要有伴奏地先来个百米冲刺啊！偶像剧啊！同样校园暴力，突然有点同情韩版《蚯蚓》的低分了。。。
129,JoeyLu陆柏宇,看过,还行,2018-09-21 22:22:33,居然意外的吸引我全神贯注的看完，还好不是小四亲自导演，不然难以想象。
130,柒柒♀,看过,还行,2018-09-21 23:28:36,女主挺耐看的，演的还可以。男主赵英博真的木头一样……真的木啊，尴尬死了!男二也不错，暖哦！
131,华盛顿樱桃树,看过,较差,2018-09-21 12:25:08,与原著改编较大，涉及主题非常有意义。电影本身对的悲伤气质很喜欢，它就是我眼中的世界，充满傻X，怎么独善其身，但隐约有森西这样的天使，也有齐铭这样的白莲花。这个世界的暴力无处不在，比如那些看都没看或者只看了预告片就堂而皇之来一星的人类。落落比上一部还是有进步，占题材的光。
132,沐梵,看过,较差,2019-01-10 12:02:01,创作者的思路是，想要榨取IP价值却又慑于审查红线无法沿袭原著标志性的灰暗压抑，只能靠抵制校园霸凌挽尊。校园霸凌不好，但不等同于抨击校园霸凌的电影拍得就好，观众给差评就得被诟病站着说话不腰疼？加害受害者心理和反思被淹没在幼稚、矫情的狗血桥段里。堆砌的升格慢镜和歌曲MV，连两倍速都拉不动，以为是煽情，其实只是黔驴技穷。
133,春秋草木,看过,推荐,2018-09-21 14:50:54,编剧改动很不错，后面女主那段话扎心过瘾真的会看哭…突然觉得推广曲叫不哭好绝啊…哭着说不哭最难受，，，
134,从此君王不早朝,看过,很差,2018-09-23 13:06:24,我真的后悔我初中花了几节课时间看这个，看完了跟吃了屎一样，什么人才能有这种变态心理？只有郭敬明这个变态，不是追女生，我永远不会看郭敬明的书
135,逝去的羁绊,看过,推荐,2018-09-29 08:23:18,影片拍的很细腻，很多人物的近镜头，矫揉造作的点把握的很好，人物性格鲜明，主题思想深刻，里面包含了母爱的伟大，当一个人孤独受挫的时候，有一个人支持着你是多么的重要。还有社会的舆论压力是会杀人的，冲动是魔鬼，不要甘于成为弱者，要懂得反击。不是简单的讲青春爱情，我觉得出类拔萃！最后想说觉得女主很美。
136,盲忙,看过,还行,2018-10-12 17:25:19,音乐加PPT式的MV电影，拍得好是多兰，拍得差就是郭敬明，这部拍得差强人意，但依旧被触动。女主最后那一番独白怒吼，控诉的又何止是那些冷漠而残暴的同学？我不奢望没有经历过校园暴力的人会真的明白，正如她对男主说的那样“你怎么会理解呢？你甚至不知道这些真的发生过。”在学校被指着鼻子说娘炮，其他人也都跟着敬而远之，让我不敢再去厕所甚至不敢去上学，也曾不止一次想过去死，但我感谢自己没有为了他们而放弃自己的生命，但那些伤害我一辈子也难以忘记。
137,末路狂花。,看过,推荐,2018-09-21 21:17:57,真的改编得挺好的尤其细节，中心主题比原著升华太多了。电影前半段真的很尬，运镜尬配乐尬叙事尬除了女主和妈妈以外的所有人的演技都尬。从顾森西（个人认为他是真正意义男主 派大星有没有！！）和易遥谈恋爱开始，整部电影就渐入佳境。最后一段群戏真的挺震撼的。既然选择校园欺凌为主题了，唐小米被欺凌剧情不该一笔带过，老师角色和对校方问责的缺失是很大的遗憾。电影整体真的蛮次的但是还是那句话胜在主题同类型电影太缺失，我打高分是希望能有更多的人走进影院包括那些正在受害和正在施暴的人，让他们能去感受去反思。btw女主的表现真的令人惊艳！这个小演员未来可期，希望有大导演能够注意到她。
138,愛しません,看过,推荐,2018-09-06 09:51:16,对原著有很多改动，书粉在看的当下会对改动有质疑，可是看完之后，觉得改的已经很合情合理。五位主演和两位妈妈都演的很好，尤其新人们，第一次演戏，演员都很贴合，男配第一场以为是路人，后面竟然也很服帖角色。见面会见到了两位新人女主演，就像她们说的，第一次拿着话筒，站在台上，面对观众，很紧张，压力很大。希望少一点无脑黑，就算不喜欢，也请看过电影再来打分。谢谢。
139,正义的路人😘,看过,还行,2018-10-10 18:24:35,看过悲伤逆流成河这部小说，电影改编得还可以，精彩剧情基本上都保留了，男女主颜值和演技还是不错的，这部电影总体来讲还可以。
140,大笨象騎士,看过,还行,2019-03-08 15:40:28,易遥和森湘的演员选得太好了，两位男生逊色很多
141,把噗,看过,很差,2018-11-12 22:50:51,配乐是认真的吗？
142,iriselite,看过,no rate,2018-09-20 21:52:58,一开头就是令人惊艳的一连串画面，有种日系青春片的气息，校园暴力这个题材在国内相对比较少，尤其是从青春期一路成长过来的我们年轻人，校园暴力是普遍存在的问题。最后女主角一个人怒吼出心声，无疑升华了整部影片。主演颜值都好高啊，迷上了小哥哥小姐姐。
143,高X远Yz,看过,较差,2018-09-30 22:42:54,反映校园欺凌是唯一的得分点，其他的没什么看点。
144,一笑而过,看过,还行,2018-09-28 14:40:03,极格
145,头枕万卷神州,看过,很差,2018-09-24 00:55:43,我可烦可烦这种青春校园剧了。我以初中时看过郭敬明的书为耻，当时看完这书就觉得很恶心很烦躁，女主和她妈无比丧，还有堕胎什么乱七八糟莫名其妙，虽然世界上可能真的有这种情况但是，完全脱离现在的普通初高中生的日常。零分谢谢。
146,水浒三国金刚,看过,还行,2018-11-12 22:19:07,关于遥遥易的一切
147,李九弟,看过,推荐,2018-09-21 15:00:20,"一束光永远照不亮黑夜。没有人是旁观者。
（1. 虽然我非常非常不喜欢郭敬明，但这个作品实打实是难得一见的不错的国产青春片。2. 摄影和剪辑肯定有高人指点过，镜头是设计过的，比如开篇的长镜头，女主第一人称的睁眼，先放结尾的倒叙，新人很少能想这么多。最大的问题是技巧用得太频繁了，一直在做加法。三段结构间的两处衔接更像是MV。3. 幸亏郭式矫情话没说太多，现在这个量虽然过了点，但整体看来还不太影响观感。女主演技在线也能加成。4. 放在目前国产片的大环境下看，我不介意这种题材“被消费”。确实能看出是努力想拍好，而不是单纯靠题材捞钱。）"
148,Muto,看过,很差,2018-09-25 12:52:49,无论给自己肤浅的小宇宙添加多少戏剧与话题，掉进空洞里的《悲伤逆流成河》都已偏离了所谓电影的范畴。类似容器一样的功能决定了这是一部没有实质内容的作品，“电影”毫无意外地成了某种意识形态的病原体。
149,Afra,看过,力荐,2018-09-25 00:06:48,我的性教育来自这本书，懵懵懂懂的十二岁，觉得性是该被世界唾弃的事。
150,Jin,看过,推荐,2018-09-20 20:42:01,不作恶，不沉默。大约世界会更好。
151,张图,看过,较差,2018-09-23 09:37:24,看过小说的都骂骂咧咧，一部几乎没有一点希望的小说拍成这个还凑合的结局，易遥死之前就不能赶紧死吗？废话那么多……说好的跳楼呢，怎么变成了跳河，还说了那么一大段话之后才跳🙄🙄🙄更夸张的是居然跑了那么长一段路，百米冲刺跳进去，是怕直接跳沉不下去吗？没看过小说的有人看哭。
152,老伴江未,看过,还行,2018-09-24 01:02:25,除了尬演技尬台词还是挺不错的啊 值得鼓励
153,glim,看过,很差,2018-12-28 08:46:16,我佩服我自己，为了突破极限忍受了这样的折磨
154,甄甏甏,看过,较差,2018-09-06 21:45:46,倒不是拿校园霸凌当幌子，因为确实是正视这个事儿了，但不能把真正想表达的都放在片尾彩蛋里啊，该用电影正经八百表现的，反而拍得跟MV一样特别意识流……几个小姑娘选得都不错，顾森湘和唐小米都特别美，易遥的劲儿也是对的，跟顾森西一比齐铭就实在是非常逊色了。就是最后发短信那儿有点儿乱啊，没看过书的容易懵逼吧。
155,不懂相负,看过,较差,2018-09-21 20:48:55,只是为了年少时看过小说，去看一下。
156,que,看过,推荐,2018-09-23 00:01:56,"有些人生来就活在光亮中，
他就以为全世界都是光亮的。
可有些人从小就处于黑暗中，
我们赞叹那些从黑暗中寻找光亮的人，
欣赏那些勇于反抗的人，
但我们不能指责那些被黑暗吞噬的人，
即便没有勇气站出来帮助他们，
我们也不能成为帮凶。

西是从太阳从西边升起的西。                        女主很路遥，男主嗯..."
157,淮枳,看过,还行,2018-09-27 07:47:38,觉得这部剧的立意还是很不错的
158,幕天席地,看过,还行,2018-11-27 22:24:31,语言暴力是不见鲜血的刀，三人成虎，电影比小说阳光一点，算是有现实意义的故事
159,扯淡的青春,看过,还行,2018-09-26 07:16:36,昨晚去看了这部片子，剧情挺单调，人物刻画不深刻，特别是唐小米这个人物，莫名其妙，校园暴力也就简简单单过一下，没有很深刻。人物，最好的就是顾森西这个角色，对女主来说，是她的救赎，是她的阳光希望，这几位都是新人，演得没有很出戏，男女主某些镜头挺帅挺美的
160,雪里花蕾,看过,推荐,2018-09-28 05:27:54,校园的霸凌在农村小、中学生普遍住校的情况下  相信这个片子会牵动一部分人的心  这部电影的现实意义是值得反思
161,月薇澜,看过,力荐,2018-09-21 21:56:22,完全不记得小说的内容了，但电影里青春，爱情，欺凌，母爱，孤独，被点亮等等都真的很触动人。哭的稀里哗啦的，落落真的很会抓人。虽然依然有些矫揉造作的成分，但青春本来就是如此。愿每一个人的青春都被温柔以待，愿每一个人都能跨过人生中悲伤的大河，变强大，有依靠，都能够珍惜生命里细小的幸福。
162,南悠一,看过,较差,2018-09-30 12:19:31,悲伤、逆流，作者描述主角的自戕、自苦，对悲剧的崇拜，以及电影呈现出的松散、矫情………不能不承认，这是我们共有的时代病。故作精英般的批评和一星，在它面前，未能刺破那弥漫的虚假悲伤之茧，显得非常可笑。短评栏的差评无一不是荒诞的，“我所切齿的，正是我自身无法根除的妄，但我并没意识到。”
163,团小纸,看过,较差,2018-11-19 18:38:04,用了校园暴力做主线真的是很聪明的选择
164,庸友-,看过,推荐,2018-09-23 17:35:28,谁能想到zg第一部讲校园欺凌的片子由gjm出手
165,潇湘烟雨,看过,较差,2018-09-24 09:47:28,题材算还不错吧，但剧情太牵强了，演员演技也太差，台词又矫情
166,兔子和小霸王,看过,no rate,2018-12-26 23:05:50,好氣哦！易遙說不知道衛生巾是香的 好羨慕別的女生 還有媽媽拉起易遙去看病 這兩幕加上跳海那裡算高潮了。肢體霸凌沒試過 冷暴力嘗試過 的確很難受很氣可一點辦法都沒有。
167,七茶,看过,推荐,2018-09-23 17:30:37,说不出来的难受，浑身颤抖，愿所有青春都被温柔对待
168,阿母。,看过,还行,2018-09-27 09:54:47,青春的脸庞还是太好看
169,小米=qdmimi,看过,较差,2018-11-18 03:32:36,年轻女孩的表演永远都下不去狠手批评，挺好的。可是反霸凌这个题材蹭哪部不好，非特么要拍这部，还把立法和机构名列一屏，以为自己是熔炉么……书留一本，万一哪天又判决了彻底找不着了，电影，掐了吧
170,醉梦·聊生,看过,还行,2018-11-18 23:03:23,直奔主题，一看就是命题作文，总有些女生心胸狭隘，喜揭人短，拉小团体，把别人的伤疤公之于众，法律意识淡薄，易遥被逼到跳河，正如她说，围观起哄恶语相向的人都是凶手，是他们的冷漠冰冷了这个世界，在青春的大好年华，一股寒流冻住了人心。
171,张苑希,看过,较差,2018-12-30 22:27:55,1.将小说中易遥未婚怀孕堕胎改为不慎得性病，并聚焦时下热门话题校园霸凌十分讨巧；2.为顾森西小天使实名爆灯，顾森西比起不知人间疾苦优柔寡断的齐铭简直好了1800倍（当年看小说对齐铭就很无感）；3.女主的演技挺有感染力的，但是剧情逻辑实在不顺，跳海自尽控诉他人和顾森湘之死拍的有些尴尬；4.导演在剧情把控和整体调度上显得十分业余，所以说作家就好好写书别来嚯嚯影视行业了；5.这本小说大概初三那年看的，挂着校园霸凌的噱头本质上还是讲的四娘那些伤春悲秋的蛋疼青春故事，本身就没啥内涵。
172,sadb,看过,较差,2018-09-23 19:36:48,女主开场10分钟自杀，然后留下13盘磁带，放进录音机：“Welcome to your type...”
173,纳米粒昉,看过,推荐,2018-09-22 14:20:36,共情能力可以让人更善良。对于自己没经历过的事情，不要想当然的站在自己角度去考虑。悲伤是一条大河
174,玟斯 Vince,看过,很差,2018-12-18 08:28:24,这种集体脑残的剧情。。。是怎么面世的？
175,毕赣,看过,还行,2018-10-11 01:19:29,唉我就吃这一套。相比剧作和表演，置景、视听语言的问题显然大得多，以高潮戏为例：口口相传易遥跳河啦，可跨海大桥、风车与防波堤都明明白白地显示这是海，壮怀激烈的视听语言把跳海拍成了跳水，易遥像为国争光的运动员那样助跑后扎了一个猛子。恕我直言，郭敬明的黑子比粉丝更无脑，“中国现在这些孩子风格高度统一的姓名，都是因为当年被郭敬明、安妮宝贝熏陶出来的真伪文青为人父母了。”瞎说！郭敬明、安妮宝贝何时用过子轩、浩宇、欣怡、梦琪这种风格的名字？
176,架构师,看过,力荐,2018-10-02 22:20:13,我们这边观众都很激动，一个个看到反派都想上去舞台揍她，看到主角被欺负都大声鸣不平。代入感，演技很强，看完觉得自己就是主角，自己也要投河。
177,云淡风轻,看过,较差,2018-09-25 09:05:19,仿佛遥远国度的青春电影，嗯…很是矫情好好的故事讲的七零八落~
178,真相挖掘机,看过,较差,2018-10-02 22:08:05,郭兼职咋不当导演了？还好蹭了个校园欺凌的热度，不然片子就像它自己的逻辑一样彻底崩了。
179,小月,看过,还行,2018-11-17 13:16:49,大概是有这种天生的杯具女主角吧，自己不快乐，身边的人也无法快乐。不得不说有的地方太矫情，不知道世上有带香味的卫生巾是什么意思？没用过，超市没去过吗？
180,云雀不可留,看过,还行,2018-09-28 23:06:55,电影艺术性方面乏善可陈，但讲了一个完整的故事，女主角的表演也很到位，校园欺凌题材（国产片）加一星。
181,Haru☁︎,看过,推荐,2018-09-20 23:09:19,有幸看了点映，见到了顾森西和姐姐顾森湘的演员，俩人很可爱。虽然没看过原著，但小时候总也听说过这书有多狗血，而电影一改原著的狗血，重点完全在校园暴力上，这点让人很满意，一星给顾森西，他是易遥那段黑暗日子里从西边升起的太阳，三星给易遥站在堤坝上对那些施暴者们痛快淋漓的反问，她那句“如果我永远也忘不掉，那你们也别想忘！”对应影片结尾的采访，反正我哭了。原本抱着看笑话的心态去的，现在想说祝票房大卖
182,清舞翩翩,看过,还行,2018-12-04 14:14:48,郭敬明的原台词么，矫情做作。新生代演员还需要磨炼，女主因为人物还行中规中矩。其他角色到底是人物性格，还是自己端着演。感觉不伦不类，演员都有待进步。作家当导演，进步还是难。除非离开郭敬明！！！
183,忘@羡,看过,还行,2018-09-25 19:09:47,演员演技还欠缺，进步空间还很大。选角都很满意
184,Jdeliu,看过,力荐,2018-11-26 22:22:37,有些题材  立意就是五分  谁管他商业艺术价值哦  
185,wanting,看过,推荐,2018-11-18 21:46:42,我叫顾森西，太阳从西边出来的西
186,贾志峰,看过,力荐,2018-09-22 10:52:39,我一直觉得，郭敬明应该是世界上最会取名字的人吧。顾源，顾里，南湘，易瑶，天束幽花，鬼山莲泉等等等名字，怎么念都好听
187,钱紧,看过,很差,2018-09-25 14:44:16,豆瓣没有负分，失望。台词可以看的出来是小说了，为了说台词愣说，女一的嘴里像含了拖布，你要拍青春片就拍，没必要把故事设置在郭敬明写书的那几年，那年就有一号店有摩拜穿冠军了？就特么手机看出不是2018年了，演员根本没有交流，想说啥说啥，坐不住，出来了。🙂🙃
188,包大人,看过,还行,2018-11-14 21:57:46,演顾森西的小哥台词真是差点意思，人设其实蛮讨喜的，中二沙雕少年。没想到这个小说能改成这样，改得还不错，多了点表现集体无意识、反校园霸凌的社会意义。妈妈改的最好，多了一些温情，校园霸凌的最后一道防线应该是家长。
189,蓝格子,看过,推荐,2018-09-23 22:03:46,高中时看的小说，不记得当时哭没哭了，电影反正是看哭了，有些话真的说出了我的心声，好像跳下去才是那条正确的路，其他所有解题都无效。女主演技惊喜，导演基本ok，除了个别镜头容易摇出戏，题材加分，歌很好听。
190,梅岭藏殊梅长苏,看过,还行,2018-11-13 00:26:43,就最后一段不错，发人深省
191,大头仔,看过,较差,2018-09-21 13:47:59,5。题材是不错，可确实没拍好，还是大段MV的拼接+郭式矫情台词，年轻演员的台词功底实在不行，邬君梅hold住全场。
192,Panda的阴影,看过,较差,2018-09-27 23:24:30,找一些正值青春年华的少男少女出演校园电影，本该是值得鼓励的事情，可惜主演们演技生硬不自然，再加上矫揉造作的故事、矫情不堪的台词，抛开对郭敬明偏见的我也无法不在观影过程中产生不满乃至嫌弃的感受。里面涉及的校园欺凌情节，和国外众多涉及校园暴力的电影里的打架斗殴桥段比起来，感觉就像是在小孩子在玩过家家。片尾部分应该就是校园欺凌的宣传片了吧？
193,有寂,看过,很差,2019-02-18 14:04:05,在一所紧邻陆家嘴锦江乐园老虹口且教室外就有崇明长江入海口的上海高中 学生们长得像三十岁并有大波浪也是不奇怪的
194,Kevin,看过,推荐,2018-09-26 13:35:17,"虽然电影远远没有小四小说描述的那般悲惨，但是易遥自杀前的那段嘶吼依旧振聋发聩，人性到底有多卑劣呢？从小到大在学校里看到的那些美好事物，而电影里的一切真的让人一阵后怕，流言不够，辱骂不够，拳脚相向也不够，非要把人逼上绝路！
那些校园霸凌事件的肇事者固然可恶，但是那些拍手叫好的旁观者更令人深恶痛绝，正是这样一群人，面对弱者的冷血漠视，滋生了那些变态愈加猖獗的手段，让事态不断地升级，最后导致了悲剧的发生！
但愿镜头前的父母能给孩子正确的引导，杜绝成为做一个冷眼旁观随波逐流的帮凶，而是做一个有原则有判断是非能力的人，这样才能从源头上解决霸凌事件！"
195,SingLesinger,看过,还行,2018-11-13 13:39:30,男2一说台词我就？？？？硬扭了一个题材是好的，执行是差的。
196,Enjolras,看过,较差,2018-11-15 11:19:27,边做实验的时候边用极快的速度把这片撸完了，我还以为落落比郭敬明强一点，看来当年对《剩者为王》的一点好感估计全都来自于舒淇彭于晏和金士杰了......青春文学里的台词硬生生搬到电影里简直是让人头疼的尴尬，再加上一群几乎不会演戏的孩子，不谈也罢......不过郭敬明的商人头脑也算聪明，把青春爱情故事强行转成了校园欺凌题材，想正义地蹭一蹭热点，但是作品成色太差了啊......
197,阿尔法,看过,还行,2018-12-15 07:25:44,我看小演员们还不错
198,狄飞惊,看过,no rate,2018-11-01 00:41:27,悲伤逆流成狗血。
199,宣涡,看过,很差,2018-09-23 08:09:44,强烈要求广电总局多多禁止垃圾片
200,Amina,看过,较差,2018-09-21 18:11:14,为了怀念中学时代而来看……校园安全宣传片……难道不应该是巨大的阶层差异和人的道德素质问吗！
201,风信子,看过,还行,2018-09-28 00:10:12,emmmm两星半
202,高等游民阿朽,看过,还行,2018-12-23 14:17:01,缺点不用说了，四娘的狗血剧情，但是还是会感到难过…
203,刘小青,看过,还行,2018-11-15 22:26:26,其实还不错
204,蒜 | BOY A✎,看过,较差,2018-11-16 01:17:02,那些台词真的听得鸡皮疙瘩都起来了，高中生能说出这种话吗？反正我当年是没有听过的。全程各种MV式的画面组合，慢镜逆光、小清新滤镜、煽情配乐、面部特写，大概这些就是他们眼中的青春吧
205,和他说到,看过,推荐,2018-09-22 22:22:45,这电影不会是郭敬明拍打着落落的幌子拍的吧。
206,瑞波恩,看过,推荐,2018-09-21 13:35:44,女主人设太惨了，从头到尾就没遇上啥好事，可欣慰的是，俩男猪脚都养眼而单纯，故事也不是无中生有的矫情，现实的校园也只是看上去很美，从校园霸凌的角度看去，忽然感到彻骨的冰凉与绝望。
207,莫莫先生,看过,较差,2018-11-16 01:14:01,不想因为题材给加分。就是很支离破碎的片子啊。
208,归安,看过,推荐,2018-11-19 19:25:07,其实校园欺凌不只是存在于同学讨厌你，也许她们都是无心的，但是伤害真真切切地造成了，牙齿不整齐被喊了一个多学期的外号，奇怪啊小学没人说，初中没人说，为什么高中了，大家反而变了呢，明明都是朋友，还有形影不离的朋友，这样的说话方式你们真的问心无愧吗
209,流光溢彩`,看过,较差,2018-11-20 21:19:02,起点起的太高，导演和演员又完全不懂拍戏，结果就是丝毫落不到现实生活里去，太多的狗血情节把这个题材本该深深刺痛观众的代入感一点点磨光，看到最后只剩下立意，其实国内许多稀缺现实主义题材的毛病都是这样，灵感从现实中来，情节却回不到现实中去，勇敢发声可以鼓励一星，但从电影的质感来看，本片是零分。
210,陳七歲會快樂,看过,推荐,2018-12-02 17:31:27,暗夜里窥视，你我都是帮凶。
211,斯齊佐飛力尼克,看过,推荐,2018-12-09 10:27:02,就电影而言当然是不及格咯，但是题材很喜欢，女主角最后一段独白呐喊也是有力量的，至少我是想起几个同学的名字。
212,MK@1Q84,看过,较差,2018-12-18 09:07:15,浴巾不要与人共用！浴巾不要与人共用！浴巾不要与人共用！——这是本片带给我们最大的社会价值了！
213,izaijin,看过,较差,2018-09-22 03:35:13,男主特别是齐泯的表演就是车祸现场啊。导演的画面感不错，就是衔接得不自然，还有声音有些地方也莫名其妙。女主就像年轻的周迅，李小璐，邓家佳……额。画面一星，题材一星。
214,程小挑,看过,还行,2019-04-02 17:17:33,我上学时候咋就没遇到过欺凌呢，真想经历一下，这样就能有理由的打人了，就不用只是吃鸡了。
215,puss,看过,还行,2018-09-26 15:36:39,行了，只要有郭敬明三个字，讨论的主线就永远都落不到电影本身上，众神都退散吧，说不出个所以然来
216,当歌,看过,力荐,2018-11-17 23:57:20,郭唯一给五颗星电影，给差评的都是那些周围比较而出优越的，或者无聊的（影片中的娱乐者，旁观者），“自信的”，盲目的，完全两个世界的人。村上村树说，人无法互相理解，因为没办法做到感同身受。别说什么大家都差不多，你是异类你有病，请问家境疾病意外哪个能自己左右？人是环境的产物。
217,梵目,看过,很差,2018-09-28 02:21:13,演技尴尬
218,甦醒 Nostalgia,看过,很差,2018-11-12 23:34:10,无敌可怕！易遥那句“太恶心了，太恶心了”就是说这部电影所有的主创吧！这种垃圾电影，不！这种不是电影的傻逼东西不知道怎么说，可能是矫情、弱智、脑残…等黏糊糊的词语的混合体。泛滥的配乐以及看过最傻逼的跳河场景，这剧情反转的倒有点牛逼，主题是校园欺凌，真是绝了。表演更是可怕的没话说，算了不说了，看郭敬明电影真是排毒解气啊。
219,张震头号迷妹,看过,很差,2018-09-25 15:15:54,这长影评是怎么回事，那么费劲写长文猛夸，评分还是上不去啊，短评不控一下吗？
220,Vivian,看过,较差,2018-11-20 11:35:03,"为主题加一星
影片本身真的无话可说，演员表演尬
最可怕的是台词那是人说出来的话吗？还是说现在的中学生都成哲学家了

"
